Book Id,Title,Author,Author l-f,Additional Authors,ISBN,ISBN13,My Rating,Average Rating,Publisher,Binding,Number of Pages,Year Published,Original Publication Year,Date Read,Date Added,Bookshelves,Bookshelves with positions,Exclusive Shelf,My Review,Spoiler,Private Notes,Read Count,Owned Copies
58784475,"Tomorrow, and Tomorrow, and Tomorrow",Gabrielle Zevin,"Zevin, Gabrielle",,"=""""","=""""",4,4.17,Knopf,Hardcover,401,2022,2022,2024/05/19,2024/05/03,to-read,to-read (#10),to-read,,,,1,0
55423083,"Wintersteel (Cradle, #8)",Will Wight,"Wight, Will",,"=""""","=""""",4,4.70,Hidden Gnome Publishing,Paperback,540,2020,2020,2024/05/19,2024/05/19,,,read,,,,1,0
50789354,"Uncrowned (Cradle, #7)",Will Wight,"Wight, Will",,"=""""","=""""",4,4.57,Hidden Gnome Publishing,Kindle Edition,336,2019,2019,2024/05/19,2024/05/19,,,read,,,,1,0
60194162,Demon Copperhead,Barbara Kingsolver,"Kingsolver, Barbara",,"=""""","=""""",0,4.51,Harper,Hardcover,560,2022,2022,,2024/05/03,to-read,to-read (#9),to-read,,,,0,0
52397,"Parable of the Sower (Earthseed, #1)",Octavia E. Butler,"Butler, Octavia E.",,"=""0446675504""","=""9780446675505""",0,4.21,Grand Central Publishing,Paperback,345,2000,1993,,2024/04/28,to-read,to-read (#8),to-read,,,,0,0
52122096,Manacled,SenLinYu,"SenLinYu, SenLinYu",,"=""""","=""""",0,4.65,Archive of Our Own,Hardcover,925,2018,2018,,2024/04/14,to-read,to-read (#7),to-read,,,,0,0
35068705,"The Poppy War (The Poppy War, #1)",R.F. Kuang,"Kuang, R.F.",,"=""0062662597""","=""9780062662590""",0,4.17,Harper Voyager,ebook,545,2018,2018,,2024/04/14,to-read,to-read (#6),to-read,,,,0,0
29588376,"The Lies of Locke Lamora (Gentleman Bastard, #1)",Scott Lynch,"Lynch, Scott",,"=""""","=""""",5,4.30,Spectra,Kindle Edition,752,2016,2006,2024/02/14,2024/04/14,,,read,,,,1,0
40604556,"Red Seas Under Red Skies (Gentleman Bastard, #2)",Scott Lynch,"Lynch, Scott",,"=""""","=""""",5,4.25,Del Rey,Kindle Edition,578,2018,2007,2024/02/14,2024/04/14,,,read,,,,1,0
2890090,"The Republic of Thieves (Gentleman Bastard, #3)",Scott Lynch,"Lynch, Scott",,"=""0553804693""","=""9780553804690""",5,4.22,Del Rey,Hardcover,650,2013,2013,2024/02/14,2024/04/14,,,read,,,,1,0
43263680,"Ninth House (Alex Stern, #1)",Leigh Bardugo,"Bardugo, Leigh",,"=""1250313074""","=""9781250313072""",4,4.02,Flatiron Books,Hardcover,461,2019,2019,2024/01/14,2024/04/14,,,read,,,,1,0
2429135,"The Girl with the Dragon Tattoo (Millennium, #1)",Stieg Larsson,"Larsson, Stieg",Reg Keeland,"=""0670069019""","=""9780670069019""",4,4.17,Viking Canada,Hardcover,480,2008,2005,2024/01/14,2024/04/14,,,read,,,,1,0
30558257,"Unsouled (Cradle, #1)",Will Wight,"Wight, Will",,"=""""","=""""",4,4.16,Hidden Gnome Publishing,Kindle Edition,294,2016,2016,2024/04/14,2024/04/14,,,read,,,,1,0
32283608,"Soulsmith (Cradle, #2)",Will Wight,"Wight, Will",,"=""""","=""""",4,4.34,Hidden Gnome Publishing,Kindle Edition,284,2016,2016,2024/04/14,2024/04/14,,,read,,,,1,0
35023786,"Blackflame (Cradle, #3)",Will Wight,"Wight, Will",,"=""""","=""""",4,4.51,Hidden Gnome Publishing,Kindle Edition,370,2017,2017,2024/04/14,2024/04/14,,,read,,,,1,0
36332410,"Skysworn (Cradle, #4)",Will Wight,"Wight, Will",,"=""""","=""""",4,4.39,Hidden Gnome Publishing,Kindle Edition,292,2017,2017,2024/04/14,2024/04/14,,,read,,,,1,0
40280403,"Ghostwater (Cradle, #5)",Will Wight,"Wight, Will",,"=""""","=""""",3,4.56,Hidden Gnome Publishing,Kindle Edition,310,2018,2018,2024/04/14,2024/04/14,,,read,,,,1,0
43895031,"Underlord (Cradle, #6)",Will Wight,"Wight, Will",,"=""""","=""""",4,4.62,Hidden Gnome Publishing,Kindle Edition,348,2019,2019,2024/04/14,2024/04/14,,,read,,,,1,0
157993,The Little Prince,Antoine de Saint-Exupéry,"Saint-Exupéry, Antoine de",Richard Howard,"=""""","=""""",2,4.33,"Harcourt, Inc.",Paperback,96,2000,1943,2024/01/02,2024/01/02,,,read,,,,1,0
57945316,Babel,R.F. Kuang,"Kuang, R.F.",,"=""0063021420""","=""9780063021426""",5,4.19,Harper Voyager,Hardcover,544,2022,2022,2024/01/02,2024/01/02,,,read,,,,1,0
60531416,Yumi and the Nightmare Painter,Brandon Sanderson,"Sanderson, Brandon",Aliya Chen,"=""1938570375""","=""9781938570377""",5,4.48,Dragonsteel Entertainment,Hardcover,480,2023,2023,2023/12/29,2023/12/29,,,read,,,,1,0
62047984,Yellowface,R.F. Kuang,"Kuang, R.F.",,"=""""","=""""",4,3.79,William Morrow,Hardcover,336,2023,2023,2023/12/24,2023/12/24,,,read,,,,1,0
45154547,"A Desolation Called Peace (Teixcalaan, #2)",Arkady Martine,"Martine, Arkady",,"=""""","=""""",5,4.32,Tor Books,Kindle Edition,496,2021,2021,2023/12/24,2023/12/24,,,read,,,,1,0
22034,"The Godfather (The Godfather, #1)",Mario Puzo,"Puzo, Mario","Peter Bart, Robert Thompson","=""""","=""""",4,4.39,NAL,Paperback,448,2002,1969,2023/01/01,2023/04/26,,,read,,,,1,0
10803121,"The Alloy of Law (Mistborn, #4)",Brandon Sanderson,"Sanderson, Brandon",,"=""0765330423""","=""9780765330420""",5,4.20,Tor Books,Hardcover,332,2011,2011,2023/01/01,2023/04/26,,,read,,,,1,0
16065004,"Shadows of Self (Mistborn, #5)",Brandon Sanderson,"Sanderson, Brandon",,"=""0765378558""","=""9780765378552""",5,4.28,Tor Books,Hardcover,383,2015,2015,2023/01/01,2023/04/26,,,read,,,,1,0
18739426,"The Bands of Mourning (Mistborn, #6)",Brandon Sanderson,"Sanderson, Brandon",,"=""""","=""""",5,4.42,Tor,Kindle Edition,448,2016,2016,2023/01/01,2023/04/26,,,read,,,,1,0
23947089,"The Lost Metal (Mistborn, #7)",Brandon Sanderson,"Sanderson, Brandon",,"=""0765391198""","=""9780765391193""",5,4.48,Tor Books,Hardcover,507,2022,2022,2023/01/01,2023/04/26,,,read,,,,1,0
50659467,"A Court of Thorns and Roses (A Court of Thorns and Roses, #1)",Sarah J. Maas,"Maas, Sarah J.",,"=""1635575567""","=""9781635575569""",3,4.19,Bloomsbury Publishing,Paperback,419,2020,2015,2023/01/01,2023/04/26,,,read,,,,1,0
20518872,"The Three-Body Problem (Remembrance of Earth’s Past, #1)",Liu Cixin,"Cixin, Liu","Ken Liu, Cixin Liu","=""""","=""""",4,4.09,Tor Books,Hardcover,472,2014,2006,2023/01/01,2023/12/17,,,read,,,,1,0
23168817,"The Dark Forest (Remembrance of Earth’s Past, #2)",Liu Cixin,"Cixin, Liu",Joel Martinsen,"=""""","=""""",4,4.42,Tor Books,Hardcover,512,2015,2008,2023/01/01,2023/12/17,,,read,,,,1,0
25451264,"Death's End (Remembrance of Earth’s Past, #3)",Liu Cixin,"Cixin, Liu",Ken Liu,"=""0765377101""","=""9780765377104""",5,4.42,TOR,Hardcover,604,2016,2010,2023/01/01,2023/12/17,,,read,,,,1,0
43587154,"Jade City (The Green Bone Saga, #1)",Fonda Lee,"Lee, Fonda",,"=""0316440884""","=""9780316440882""",4,4.09,Orbit,Paperback,500,2018,2017,2023/01/01,2023/12/17,,,read,,,,1,0
41716919,"Jade War (The Green Bone Saga, #2)",Fonda Lee,"Lee, Fonda",,"=""0316440922""","=""9780316440929""",4,4.42,Orbit,Hardcover,587,2019,2019,2023/01/01,2023/12/17,,,read,,,,1,0
51057191,"Jade Legacy (The Green Bone Saga, #3)",Fonda Lee,"Lee, Fonda",,"=""035651059X""","=""9780356510590""",4,4.64,Orbit,Paperback,713,2021,2021,2023/01/01,2023/12/17,,,read,,,,1,0
60531406,Tress of the Emerald Sea,Brandon Sanderson,"Sanderson, Brandon",Howard Lyon,"=""""","=""""",5,4.42,Dragonsteel Entertainment,Kindle Edition,483,2023,2023,2023/01/01,2023/12/17,,,read,,,,1,0
11774272,"The Killing Moon (Dreamblood, #1)",N.K. Jemisin,"Jemisin, N.K.",,"=""0356500764""","=""9780356500768""",3,3.95,Hachette Book Group,Paperback,428,2012,2012,2023/01/01,2023/12/17,,,read,,,,1,0
11774295,"The Shadowed Sun (Dreamblood, #2)",N.K. Jemisin,"Jemisin, N.K.",,"=""0356500772""","=""9780356500775""",3,4.28,Orbit,Paperback,510,2012,2012,2023/01/01,2023/12/17,,,read,,,,1,0
7171637,"Clockwork Angel (The Infernal Devices, #1)",Cassandra Clare,"Clare, Cassandra",,"=""1416975861""","=""9781416975861""",3,4.31,Margaret K. McElderry Books,Hardcover,479,2010,2010,2023/01/01,2023/12/17,,,read,,,,1,0
10025305,"Clockwork Prince (The Infernal Devices, #2)",Cassandra Clare,"Clare, Cassandra",,"=""1416975888""","=""9781416975885""",3,4.42,Margaret K. McElderry Books,Hardcover,498,2011,2011,2023/01/01,2023/12/17,,,read,,,,1,0
18335634,"Clockwork Princess (The Infernal Devices, #3)",Cassandra Clare,"Clare, Cassandra",,"=""1406321346""","=""9781406321340""",4,4.56,Walker Books Ltd,Paperback,567,2013,2013,2023/01/01,2023/12/17,,,read,,,,1,0
37794149,"A Memory Called Empire (Teixcalaan, #1)",Arkady Martine,"Martine, Arkady",,"=""1529001587""","=""9781529001587""",5,4.12,Tor,Paperback,462,2019,2019,2023/01/01,2023/12/17,,,read,,,,1,0
29227774,"Light Bringer (Red Rising Saga, #6)",Pierce Brown,"Brown, Pierce",,"=""1473646804""","=""9781473646803""",5,4.75,Hodder & Stoughton,Hardcover,682,2023,2023,2023/01/01,2023/12/17,,,read,,,,1,0
25841034,"The Price of Loyalty (The Historian Tales, #3)",Lance Conrad,"Conrad, Lance",,"=""""","=""9780991023066""",4,4.42,Lance Conrad,ebook,,2015,2015,2023/01/01,2023/12/17,,,read,,,,1,0
186074,"The Name of the Wind (The Kingkiller Chronicle, #1)",Patrick Rothfuss,"Rothfuss, Patrick",,"=""075640407X""","=""9780756404079""",5,4.52,Penguin Group DAW,Hardcover,662,2007,2007,2023/01/01,2023/12/17,,,read,,,,1,0
1215032,"The Wise Man’s Fear (The Kingkiller Chronicle, #2)",Patrick Rothfuss,"Rothfuss, Patrick",,"=""0756404738""","=""9780756404734""",5,4.55,DAW Books,Hardcover,994,2011,2011,2023/01/01,2023/12/17,,,read,,,,1,0
28698036,"Secret History (Mistborn, #3.5)",Brandon Sanderson,"Sanderson, Brandon",,"=""""","=""""",5,4.35,"Dragonsteel, LLC",Kindle Edition,160,2016,2016,2023/01/01,2023/12/17,,,read,,,,1,0
29226553,"Dark Age (Red Rising Saga, #5)",Pierce Brown,"Brown, Pierce",,"=""0425285952""","=""9780425285954""",5,4.47,Del Rey,ebook,704,2019,2019,,2023/04/26,,,read,,,,1,0
33257757,"Iron Gold (Red Rising Saga, #4)",Pierce Brown,"Brown, Pierce",,"=""042528591X""","=""9780425285916""",5,4.23,Del Rey,Hardcover,602,2018,2018,2023/04/26,2020/12/27,,,read,,,,1,0
40622777,"Beyond the End of the World (The Other Side of the Sky, #2)",Amie Kaufman,"Kaufman, Amie",Meagan Spooner,"=""006289336X""","=""9780062893369""",0,3.92,HarperCollins,Hardcover,458,2022,2022,,2021/12/28,to-read,to-read (#5),to-read,,,,0,0
10572,"A Clash of Kings  (A Song of Ice and Fire, #2)",George R.R. Martin,"Martin, George R.R.",,"=""0553381695""","=""9780553381696""",0,4.42,Bantam,Paperback,1009,2002,1998,,2021/12/25,currently-reading,currently-reading (#2),currently-reading,,,,1,0
13623848,The Song of Achilles,Madeline Miller,"Miller, Madeline",,"=""""","=""""",4,4.33,Ecco,Paperback,408,2012,2011,,2021/12/25,,,read,,,,1,0
13496,"A Game of Thrones (A Song of Ice and Fire, #1)",George R.R. Martin,"Martin, George R.R.",,"=""0553588486""","=""9780553588484""",5,4.44,Bantam,Mass Market Paperback,835,2005,1996,,2021/12/25,,,read,,,,1,0
15704486,"Calamity (Reckoners, #3)",Brandon Sanderson,"Sanderson, Brandon",,"=""0385743602""","=""9780385743600""",4,4.18,Delacorte Press,Hardcover,424,2016,2016,2021/08/01,2021/08/21,,,read,,,,1,0
15704459,"Firefight (The Reckoners, #2)",Brandon Sanderson,"Sanderson, Brandon",,"=""0385743580""","=""9780385743587""",4,4.25,Delacorte Press,Hardcover,416,2015,2015,,2021/08/21,,,read,,,,2,0
17182126,"Steelheart (The Reckoners, #1)",Brandon Sanderson,"Sanderson, Brandon",,"=""0385743564""","=""9780385743563""",4,4.14,Delacorte Press,Hardcover,386,2013,2013,2021/08/01,2021/08/21,,,read,,,,1,0
68427,"Elantris (Elantris, #1)",Brandon Sanderson,"Sanderson, Brandon",,"=""0765350378""","=""9780765350374""",5,4.18,Tor Fantasy,Mass Market Paperback,638,2006,2005,2021/07/01,2021/07/26,,,read,,,,1,0
1268479,Warbreaker,Brandon Sanderson,"Sanderson, Brandon",,"=""""","=""""",5,4.30,Self-published,ebook,688,2009,2009,2021/07/01,2021/07/26,,,read,,,,1,0
49021976,"Rhythm of War (The Stormlight Archive, #4)",Brandon Sanderson,"Sanderson, Brandon",,"=""0765326388""","=""9780765326386""",5,4.62,Tor Books,Hardcover,1219,2020,2020,2021/07/26,2021/04/15,,,read,,,,1,0
23395680,"Illuminae (The Illuminae Files, #1)",Amie Kaufman,"Kaufman, Amie",Jay Kristoff,"=""0553499114""","=""9780553499117""",4,4.24,Knopf Books for Young Readers,Hardcover,608,2015,2015,2021/05/28,2021/06/01,,,read,,,,1,0
40961427,1984,George Orwell,"Orwell, George",,"=""""","=""""",3,4.19,Houghton Mifflin Harcourt,Kindle Edition,298,2013,1949,2021/05/25,2021/05/20,,,read,,,,1,0
22299763,"Crooked Kingdom (Six of Crows, #2)",Leigh Bardugo,"Bardugo, Leigh",,"=""""","=""""",5,4.59,Orion Children's Books,Kindle Edition,561,2016,2016,2021/04/29,2021/05/03,,,read,,,,1,0
23437156,"Six of Crows (Six of Crows, #1)",Leigh Bardugo,"Bardugo, Leigh",,"=""""","=""""",4,4.48,Henry Holt & Company,Hardcover,465,2015,2015,,2021/04/15,,,read,,,,2,0
51184571,"The Memory of Babel (The Mirror Visitor Quartet, #3)",Christelle Dabos,"Dabos, Christelle",,"=""""","=""9781609455736""",5,4.21,Europa Editions,Hardcover,508,2020,2017,,2021/04/15,,,read,,,,2,0
41953346,"The ​Missing of Clairdelune (The Mirror Visitor Quartet, #2)",Christelle Dabos,"Dabos, Christelle",Hildegarde Serle,"=""160945507X""","=""9781609455071""",5,4.45,Europa Editions,Hardcover,540,2019,2015,2021/03/30,2021/04/15,,,read,,,,1,0
40969531,"A Winter's Promise (The Mirror Visitor, #1)",Christelle Dabos,"Dabos, Christelle",Hildegarde Serle,"=""1787701425""","=""9781787701427""",5,4.03,Europa Editions,Kindle Edition,446,2018,2013,2021/03/22,2021/04/15,,,read,,,,1,0
34002132,"Oathbringer (The Stormlight Archive, #3)",Brandon Sanderson,"Sanderson, Brandon",,"=""076532637X""","=""9780765326379""",5,4.62,Tor Books,Hardcover,1243,2017,2017,,2021/04/15,,,read,,,,2,0
17332218,"Words of Radiance (The Stormlight Archive, #2)",Brandon Sanderson,"Sanderson, Brandon",,"=""0765326361""","=""9780765326362""",5,4.76,Tor Books,Hardcover,1087,2014,2014,2021/02/02,2021/04/15,,,read,,,,1,0
7235533,"The Way of Kings (The Stormlight Archive, #1)",Brandon Sanderson,"Sanderson, Brandon",,"=""0765326353""","=""9780765326355""",5,4.66,Tor Books,Hardcover,1007,2010,2010,,2021/04/15,,,read,,,,2,0
18966819,"Golden Son (Red Rising Saga, #2)",Pierce Brown,"Brown, Pierce",,"=""0345539826""","=""9780345539823""",5,4.47,Del Rey,ebook,466,2015,2015,2020/12/27,2020/12/20,,,read,,,,1,0
296662,Lies My Teacher Told Me: Everything Your American History Textbook Got Wrong,James W. Loewen,"Loewen, James W.",,"=""0684818868""","=""9780684818863""",0,3.97,"Touchstone Books/Simon & Schuster, Inc.",Paperback,383,1996,1995,,2021/01/03,currently-reading,currently-reading (#1),currently-reading,,,,1,0
36642458,"Skyward (Skyward, #1)",Brandon Sanderson,"Sanderson, Brandon",,"=""1473217857""","=""9781473217850""",4,4.48,Gollancz,Hardcover,513,2018,2018,2021/01/01,2021/01/03,,,read,,,,1,0
18966806,"Morning Star (Red Rising Saga, #3)",Pierce Brown,"Brown, Pierce",,"=""0345539842""","=""9780345539847""",5,4.51,Del Rey,Hardcover,525,2016,2016,2020/12/27,2020/12/27,,,read,,,,1,0
15839976,"Red Rising (Red Rising Saga, #1)",Pierce Brown,"Brown, Pierce",,"=""""","=""""",5,4.27,Del Rey,Hardcover,382,2014,2014,2020/12/21,2020/11/28,,,read,,,,1,0
43808723,Everything is F*cked: A Book About Hope,Mark Manson,"Manson, Mark",,"=""0062955934""","=""9780062955937""",5,3.69,Harper,Hardcover,288,2019,2019,2020/12/20,2020/12/02,,,read,,,,1,0
19288043,Gone Girl,Gillian Flynn,"Flynn, Gillian",,"=""""","=""""",5,4.13,Broadway Books,Paperback,415,2014,2012,2020/12/02,2020/11/28,,,read,,,,1,0
20881952,"The Price of Creation (The Historian Tales, #1)",Lance Conrad,"Conrad, Lance",,"=""0991023005""","=""9780991023004""",4,4.29,Dawn Star Press,Hardcover,240,2014,2011,,2020/11/28,to-read,to-read (#4),to-read,,,,0,0
16069167,"Fire & Flood (Fire & Flood, #1)",Victoria Scott,"Scott, Victoria",,"=""0545537460""","=""9780545537469""",0,4.05,Scholastic Press,Hardcover,305,2014,2014,,2020/11/28,to-read,to-read (#3),to-read,,,,0,0
52578297,The Midnight Library,Matt Haig,"Haig, Matt",,"=""""","=""""",0,4.00,Viking,Hardcover,288,2020,2020,,2020/11/28,to-read,to-read (#2),to-read,,,,0,0
2767793,"The Hero of Ages (Mistborn, #3)",Brandon Sanderson,"Sanderson, Brandon",,"=""0765316897""","=""9780765316899""",5,4.54,Tor Books,Hardcover,556,2008,2008,2020/11/27,2020/11/27,,,read,,,,1,0
68429,"The Well of Ascension (Mistborn, #2)",Brandon Sanderson,"Sanderson, Brandon",,"=""0765316889""","=""9780765316882""",5,4.38,Tor Books,Hardcover,590,2007,2007,2020/11/23,2020/11/23,,,read,,,,1,0
68428,"The Final Empire (Mistborn, #1)",Brandon Sanderson,"Sanderson, Brandon",,"=""""","=""9780765311788""",5,4.48,Tor Books,Hardcover,541,2006,2006,2020/11/21,2020/11/21,,,read,,,,2,0
33652258,"The Nemesis (Diabolic, #3)",S.J. Kincaid,"Kincaid, S.J.",,"=""""","=""""",5,4.20,Simon & Schuster Books for Young Readers,Kindle Edition,320,2020,2020,2020/11/17,2020/11/16,,,read,,,,1,0
33652251,"The Empress (The Diabolic, #2)",S.J. Kincaid,"Kincaid, S.J.",,"=""1534409920""","=""9781534409927""",4,3.86,Simon & Schuster Books for Young Readers,Hardcover,378,2017,2017,2020/11/17,2020/11/16,,,read,,,,1,0
26836910,"The Diabolic (The Diabolic, #1)",S.J. Kincaid,"Kincaid, S.J.",,"=""""","=""""",4,4.05,Simon & Schuster Books for Young Readers,Kindle Edition,416,2016,2016,2020/11/17,2020/11/16,,,read,,,,1,0
52702180,"A Search for Starlight (The Firewall Trilogy, #3)",James   Maxwell,"Maxwell, James",,"=""1542005272""","=""9781542005272""",0,4.34,47North,Paperback,331,2021,2021,,2020/11/02,to-read,to-read (#1),to-read,,,,0,0
52257262,Goldilocks,L.R.  Lam,"Lam, L.R.",Laura Lam,"=""1472267648""","=""9781472267641""",5,3.73,Headline Publishing Group,Hardcover,352,2020,2020,2020/11/02,2020/11/02,,,read,,,,2,0
51621179,"A World of Secrets (The Firewall Trilogy, #2)",James   Maxwell,"Maxwell, James",,"=""1542005264""","=""9781542005265""",5,4.30,47North,Kindle Edition,302,2020,2020,2020/01/01,2020/11/02,,,read,,,,1,0
49987821,"A Girl from Nowhere (The Firewall Trilogy, #1)",James   Maxwell,"Maxwell, James",,"=""1542005302""","=""9781542005302""",5,4.05,47North,Kindle Edition,445,2020,2020,2020/10/28,2020/10/27,,,read,,,,2,0
50211894,"Crownchasers (Crownchasers, #1)",Rebecca Coffindaffer,"Coffindaffer, Rebecca",,"=""0062845160""","=""9780062845160""",5,4.13,HarperTeen,Hardcover,375,2020,2020,2020/10/26,2020/10/25,,,read,,,,2,0
53174067,"Skyhunter (Skyhunter, #1)",Marie Lu,"Lu, Marie",,"=""1250221684""","=""9781250221681""",4,4.04,Roaring Brook Press,Hardcover,371,2020,2020,2020/10/24,2020/10/24,,,read,,,,1,0
43165075,"Quantum Time (Quantum, #3)",Douglas Phillips,"Phillips, Douglas",,"=""""","=""""",5,4.28,,Kindle Edition,386,2019,2019,2020/01/01,2020/10/19,,,read,,,,1,0
37642819,"Quantum Void (Quantum, #2)",Douglas Phillips,"Phillips, Douglas",,"=""""","=""""",4,4.33,,Kindle Edition,355,2018,2018,2020/10/12,2020/10/12,,,read,,,,1,0
36216959,"Quantum Space (Quantum, #1)",Douglas Phillips,"Phillips, Douglas",,"=""""","=""""",4,4.34,,Kindle Edition,352,2017,2017,2020/10/12,2020/10/12,,,read,,,,1,0
9827912,Incognito: The Secret Lives of the Brain,David Eagleman,"Eagleman, David",,"=""0307377334""","=""9780307377333""",5,4.08,Pantheon,Hardcover,290,2011,2011,2020/10/12,2020/09/28,,,read,,,,1,0
20824260,Mind's Eye,Douglas E. Richards,"Richards, Douglas E.",,"=""""","=""""",4,4.04,Paragon Press,Kindle Edition,360,2014,2014,2020/09/29,2020/09/28,,,read,,,,1,0
30052254,Game Changer,Douglas E. Richards,"Richards, Douglas E.",,"=""""","=""""",5,4.30,Paragon Press,Kindle Edition,417,2016,,2020/09/23,2020/09/23,,,read,,,,1,0
52684510,Oracle,Douglas E. Richards,"Richards, Douglas E.",,"=""""","=""""",5,4.26,Paragon Press,Kindle Edition,430,2019,,2020/09/15,2020/09/15,,,read,,,,1,0
11115434,"Insignia (Insignia, #1)",S.J. Kincaid,"Kincaid, S.J.",,"=""0062092995""","=""9780062092991""",4,4.15,Katherine Tegen Books,Hardcover,446,2012,2012,2020/09/08,2020/09/07,,,read,,,,1,0
17262203,"MaddAddam (MaddAddam, #3)",Margaret Atwood,"Atwood, Margaret",,"=""0385528787""","=""9780385528788""",3,4.02,Nan A. Talese,Hardcover,394,2013,2013,2020/09/08,2020/09/07,,,read,,,,1,0
6080337,"The Year of the Flood (MaddAddam, #2)",Margaret Atwood,"Atwood, Margaret",,"=""0385528779""","=""9780385528771""",3,4.06,Doubleday Nan A. Talese,Hardcover,431,2009,2009,2020/09/08,2020/09/07,,,read,,,,1,0
46756,"Oryx and Crake (MaddAddam, #1)",Margaret Atwood,"Atwood, Margaret",,"=""""","=""""",3,4.01,Anchor Books,Paperback,389,2004,2003,2020/09/08,2020/09/07,,,read,,,,1,0
9969571,"Ready Player One (Ready Player One, #1)",Ernest Cline,"Cline, Ernest",,"=""030788743X""","=""9780307887436""",5,4.23,Crown Publishers,Hardcover,374,2011,2011,2020/09/08,2020/09/07,,,read,,,,1,0
16101515,"Vortex (Insignia, #2)",S.J. Kincaid,"Kincaid, S.J.",,"=""0062093029""","=""9780062093028""",4,4.27,Katherine Tegen Books,Hardcover,390,2013,2013,2020/09/08,2020/09/07,,,read,,,,1,0
18054017,"Catalyst (Insignia, #3)",S.J. Kincaid,"Kincaid, S.J.",,"=""0062093053""","=""9780062093059""",4,4.39,Katherine Tegen Books,Hardcover,419,2014,2014,2020/09/08,2020/09/07,,,read,,,,1,0
8100267,"Pathfinder (Pathfinder, #1)",Orson Scott Card,"Card, Orson Scott",,"=""141699176X""","=""9781416991762""",5,4.01,Margaret K. McElderry Books,Hardcover,657,2010,2010,2020/09/08,2020/09/07,,,read,,,,1,0
10148930,"Ruins (Pathfinder, #2)",Orson Scott Card,"Card, Orson Scott",,"=""1441820310""","=""9781441820310""",5,3.90,Brilliance Audio on CD Unabridged,Audio CD,0,2012,2012,2020/09/08,2020/09/07,,,read,,,,1,0
18668428,"Visitors (Pathfinder, #3)",Orson Scott Card,"Card, Orson Scott",,"=""1416991786""","=""9781416991786""",5,3.76,Margaret K. McElderry Books,Hardcover,608,2014,2014,2020/09/08,2020/09/07,,,read,,,,1,0
40304,"The Worthing Saga (Worthing, #1-3)",Orson Scott Card,"Card, Orson Scott",,"=""0812533313""","=""9780812533316""",2,3.86,Tor Books,Mass Market Paperback,463,1992,1990,2020/09/08,2020/09/07,,,read,,,,1,0
29579,"Foundation (Foundation, #1)",Isaac Asimov,"Asimov, Isaac",,"=""0553803719""","=""9780553803716""",5,4.17,Bantam,Hardcover,244,2004,1951,2020/09/08,2020/09/07,,,read,,,,1,0
29581,"Foundation and Empire (Foundation, #2)",Isaac Asimov,"Asimov, Isaac",,"=""0553803727""","=""9780553803723""",5,4.22,Spectra,Hardcover,256,2004,1952,2020/09/08,2020/09/07,,,read,,,,1,0
29580,"Second Foundation (Foundation, #3)",Isaac Asimov,"Asimov, Isaac",,"=""0553803735""","=""9780553803730""",5,4.27,Bantam Spectra,Hardcover,256,2004,1953,2020/09/08,2020/09/07,,,read,,,,1,0
18630,"The Player of Games (Culture, #2)",Iain M. Banks,"Banks, Iain M.",,"=""0061053562""","=""9780061053566""",5,4.28,HarperCollins,Paperback,293,1997,1988,2020/09/08,2020/09/07,,,read,,,,1,0
2113260,"Shades of Grey (Shades of Grey, #1)",Jasper Fforde,"Fforde, Jasper",,"=""0670019631""","=""9780670019632""",3,4.15,Penguin Group Viking Adult,Hardcover,400,2009,2009,2020/09/08,2020/09/07,,,read,,,,1,0
2493,The Time Machine,H.G. Wells,"Wells, H.G.","Carlo Pagetti, Greg Bear","=""""","=""""",3,3.89,Signet Classics,Paperback,118,2002,1895,2020/09/08,2020/09/07,,,read,,,,1,0
77507,"Red Mars (Mars Trilogy, #1)",Kim Stanley Robinson,"Robinson, Kim Stanley",,"=""0553560735""","=""9780553560732""",3,3.86,Spectra Books,Mass Market Paperback,572,1993,1992,2020/09/08,2020/09/07,,,read,,,,1,0
37173847,"Foundryside (The Founders Trilogy, #1)",Robert Jackson Bennett,"Bennett, Robert Jackson",,"=""1524760374""","=""""",5,4.18,Del Rey,Kindle Edition,501,2018,2018,2020/09/08,2020/09/07,,,read,,,,1,0
45309582,"Shorefall (The Founders Trilogy, #2)",Robert Jackson Bennett,"Bennett, Robert Jackson",,"=""""","=""""",5,4.06,Del Rey,Kindle Edition,493,2020,2020,2020/09/08,2020/09/07,,,read,,,,1,0
19161852,"The Fifth Season (The Broken Earth, #1)",N.K. Jemisin,"Jemisin, N.K.",,"=""""","=""""",5,4.31,Orbit,Paperback,468,2015,2015,2020/09/08,2020/09/07,,,read,,,,1,0
26228034,"The Obelisk Gate (The Broken Earth, #2)",N.K. Jemisin,"Jemisin, N.K.",,"=""""","=""""",5,4.30,Orbit,Paperback,410,2016,2016,2020/09/08,2020/09/07,,,read,,,,1,0
31817749,"The Stone Sky (The Broken Earth, #3)",N.K. Jemisin,"Jemisin, N.K.",,"=""""","=""""",5,4.35,Orbit,Paperback,416,2017,2017,2020/09/08,2020/09/07,,,read,,,,1,0
40855636,How Long 'til Black Future Month?,N.K. Jemisin,"Jemisin, N.K.",,"=""0316491349""","=""9780316491341""",4,4.28,Orbit,Hardcover,400,2018,2018,2020/09/08,2020/09/07,,,read,,,,1,0
33413556,The Gone World,Tom Sweterlitsch,"Sweterlitsch, Tom",,"=""0399167501""","=""9780399167508""",5,3.93,G.P. Putnam's Sons,Hardcover,400,2018,2018,2020/09/08,2020/09/07,,,read,,,,1,0
25499718,"Children of Time (Children of Time, #1)",Adrian Tchaikovsky,"Tchaikovsky, Adrian",,"=""1447273281""","=""9781447273288""",5,4.30,PanMacmillan,Hardcover,608,2015,2015,2020/09/08,2020/09/07,,,read,,,,1,0
40376072,"Children of Ruin (Children of Time, #2)",Adrian Tchaikovsky,"Tchaikovsky, Adrian",Mel Hudson,"=""""","=""""",5,4.06,Macmillan Digital Audio,Audible Audio,,2019,2019,2020/09/08,2020/09/07,,,read,,,,1,0
66354,Flow: The Psychology of Optimal Experience,Mihály Csíkszentmihályi,"Csíkszentmihályi, Mihály",,"=""0060920432""","=""9780060920432""",3,4.11,Harper Perennial,Paperback,303,1990,1990,2020/09/08,2020/09/07,,,read,,,,1,0
16248196,The Art of Thinking Clearly,Rolf Dobelli,"Dobelli, Rolf",,"=""0062219685""","=""9780062219688""",3,3.85,Harper,Hardcover,384,2013,2011,2020/09/08,2020/09/07,,,read,,,,1,0
18085527,"Smart People Should Build Things: How to Restore Our Culture of Achievement, Build a Path for Entrepreneurs, and Create New Jobs in America",Andrew   Yang,"Yang, Andrew",,"=""0062292048""","=""9780062292049""",4,3.82,HarperBusiness,Hardcover,272,2014,2014,2020/09/08,2020/09/07,,,read,,,,1,0
4069,Man’s Search for Meaning,Viktor E. Frankl,"Frankl, Viktor E.","Isle Lasch, William J. Winslade, Harold S. Kushner","=""080701429X""","=""9780807014295""",3,4.37,Beacon Press,Paperback,165,2006,1946,2020/09/08,2020/09/07,,,read,,,,1,0
39288400,The Subtle Art of Not Giving a F*ck: A Counterintuitive approach to Living a Good Life,Mark Manson,"Manson, Mark",,"=""0062803239""","=""9780062803238""",5,3.89,HarperOne,Hardcover,224,,2016,2020/09/08,2020/09/07,,,read,,,,1,0
